mode,entry_time,exit_time,entry_price,exit_price,leverage,net_pnl,return_on_margin_pct,exit_reason,hold_bars,balance_after_trade
SNIPER,2022-02-04 13:55:00,2022-02-04 17:55:00,37423.28316,40489.380504,4.0,324905.8545124725,32.555696844937124,TIMEOUT,48,1322905.8545124726
SWING,2022-02-08 00:00:00,2022-02-09 00:00:00,43842.076662,44062.025832,3.0,17889.276785622184,1.3543027987235714,TIMEOUT,288,1338810.772516326
SNIPER,2022-02-23 15:00:00,2022-02-23 19:00:00,38616.7218,37690.4604,4.0,-130802.22669889926,-9.78961016002136,TIMEOUT,48,1205330.9242723943
SWING,2022-02-24 16:00:00,2022-02-25 16:00:00,35984.79552,39512.096,3.0,351932.8163594487,29.24188714689685,TIMEOUT,288,1555455.7442454344
SWING,2022-02-28 00:00:00,2022-03-01 00:00:00,37566.11172,43398.8185,3.0,720745.8718189867,46.40624572004547,TIMEOUT,288,2273868.432448053
SWING,2022-04-12 16:00:00,2022-04-13 16:00:00,40112.32086,41197.85878,3.0,180834.6267178317,7.964677444071501,TIMEOUT,288,2451292.256517213
SWING,2022-04-15 08:00:00,2022-04-16 08:00:00,40283.25504,40373.023779999996,3.0,12683.47311229249,0.5181971618795943,TIMEOUT,288,2460298.7912447294
SNIPER,2022-04-22 15:45:00,2022-04-22 19:45:00,39494.59733999999,39494.799459999995,4.0,-4860.518336209104,-0.19795395873250607,TIMEOUT,48,2450517.675326031
SWING,2022-04-24 08:00:00,2022-04-25 07:00:00,39735.54552,38138.49447446016,3.0,-298553.15643510525,-12.201571199999997,SL,276,2148288.742377937
SWING,2022-05-12 08:00:00,2022-05-13 08:00:00,28153.82964,30230.25274,3.0,471158.88074099907,21.964769979655248,TIMEOUT,288,2616225.190005369
SWING,2022-06-30 16:00:00,2022-07-01 16:00:00,19148.3289,19272.844660000002,3.0,47017.06241809805,1.7998333682789733,TIMEOUT,288,2659317.914638459
SWING,2022-08-03 16:00:00,2022-08-04 16:00:00,23329.56498,22893.4204,3.0,-152832.09603511918,-5.75567470611276,TIMEOUT,288,2502496.8417313825
SWING,2022-08-13 00:00:00,2022-08-14 00:00:00,24368.07264,24414.41614,3.0,10501.178126716708,0.4202584147828936,TIMEOUT,288,2509244.274595502
SNIPER,2022-08-15 02:45:00,2022-08-15 06:45:00,24851.269259999997,24287.44154,4.0,-232159.1736682947,-9.270696554675656,TIMEOUT,48,2272066.612378016
SWING,2022-08-15 08:00:00,2022-08-16 08:00:00,24009.20088,24021.1948,3.0,-4.727603262972025,-0.00020838761043180703,TIMEOUT,288,2268653.7848561862
SNIPER,2022-08-19 21:55:00,2022-08-20 01:55:00,21075.11418,20981.10294,4.0,-44906.8462362526,-1.9834159013794692,TIMEOUT,48,2219209.631050221
SWING,2022-08-22 08:00:00,2022-08-23 08:00:00,20970.49326,21341.930760000003,3.0,114362.92414664563,5.161059353450854,TIMEOUT,288,2330243.7407502914
SNIPER,2022-08-27 15:40:00,2022-08-27 19:40:00,19895.9784,19990.80104,4.0,39660.840716575316,1.7054147883473476,TIMEOUT,48,2365244.093985366
SWING,2022-08-28 08:00:00,2022-08-29 08:00:00,20068.91298,19868.42552,3.0,-74286.84423156022,-3.1454868477884093,TIMEOUT,288,2287409.383612828
SNIPER,2022-10-25 16:10:00,2022-10-25 20:10:00,19755.55032,20047.9896,4.0,130536.9608545117,5.7181962663746715,TIMEOUT,48,2413371.5257001137
SNIPER,2022-10-27 09:40:00,2022-10-27 13:40:00,20603.81994,20625.674039999998,4.0,5396.600983040452,0.22406064532899103,TIMEOUT,48,2413941.3836317537
SNIPER,2022-10-27 13:55:00,2022-10-27 17:55:00,20516.30244,20568.8854,4.0,19867.50378475695,0.8246811027221284,TIMEOUT,48,2428981.0046492475
SNIPER,2022-10-28 00:20:00,2022-10-28 04:20:00,20271.95358,20271.64486,4.0,-4995.839374726081,-0.2060885230184293,TIMEOUT,48,2419127.2032652227
SNIPER,2022-10-28 07:30:00,2022-10-28 11:30:00,20181.13542,20190.86102,4.0,-176.9727410589794,-0.007330222057415281,TIMEOUT,48,2414111.9761176333
SWING,2022-10-30 00:00:00,2022-10-31 00:00:00,20797.45866,20629.3733,3.0,-62031.37791797518,-2.573392012454674,TIMEOUT,288,2348459.430235482
SWING,2022-11-09 00:00:00,2022-11-09 09:45:00,18427.08468,17686.46329254144,3.0,-286119.12605907145,-12.20157119999999,SL,117,2058817.6150310573
SWING,2022-11-10 00:00:00,2022-11-11 00:00:00,15873.27402,17612.4768,3.0,672304.973762492,32.703962763190546,TIMEOUT,288,2728034.3623710023
SWING,2022-12-26 08:00:00,2022-12-27 08:00:00,16836.966719999997,16851.52902,3.0,2978.369371591714,0.10934039828057084,TIMEOUT,288,2726920.6801990373
SNIPER,2023-01-02 14:35:00,2023-01-02 18:35:00,16679.53524,16703.35866,4.0,10097.602497110776,0.371035294386311,TIMEOUT,48,2731564.44133575
SWING,2023-02-11 08:00:00,2023-02-12 08:00:00,21685.336199999998,21791.040920000003,3.0,35773.80165557057,1.3116125846368736,TIMEOUT,288,2763240.896329317
SNIPER,2023-02-12 22:05:00,2023-02-13 02:05:00,21699.238980000002,21689.561220000003,4.0,-10432.680356259623,-0.37830894675917653,TIMEOUT,48,2747281.7341803988
SWING,2023-02-13 08:00:00,2023-02-14 08:00:00,21812.76168,21737.151700000002,3.0,-32626.485668778918,-1.189375611194925,TIMEOUT,288,2710534.3259103494
SNIPER,2023-02-15 12:05:00,2023-02-15 16:05:00,22548.908880000003,22831.432800000002,4.0,130095.58903497652,4.8092474015975455,TIMEOUT,48,2835208.8462935053
SNIPER,2023-02-23 12:05:00,2023-02-23 16:05:00,23734.746,23894.92006,4.0,70683.35355364226,2.498052432834144,TIMEOUT,48,2900221.7821545606
SWING,2023-02-25 08:00:00,2023-02-26 08:00:00,23103.219719999997,23128.8733,3.0,5298.0080442554545,0.18295038770468786,TIMEOUT,288,2901169.457525584
SNIPER,2023-02-27 15:45:00,2023-02-27 19:45:00,23584.716,23279.743120000003,4.0,-155475.29174396207,-5.369795448204634,TIMEOUT,48,2739891.826866571
SNIPER,2023-02-28 14:50:00,2023-02-28 18:50:00,23460.291119999998,23455.308,4.0,-7790.890819431597,-0.28492014723127007,TIMEOUT,48,2726621.152393406
SNIPER,2023-03-03 13:45:00,2023-03-03 17:45:00,22330.565219999997,22405.81794,4.0,31220.0409985121,1.147302997465356,TIMEOUT,48,2752387.9510871307
SWING,2023-03-10 00:00:00,2023-03-11 00:00:00,20323.76394,20179.06338,3.0,-62793.976695872574,-2.2848635540194304,TIMEOUT,288,2685465.3924646275
SNIPER,2023-05-01 14:00:00,2023-05-01 18:00:00,28441.287119999997,28251.74852,4.0,-76767.2752927257,-2.86434961119293,TIMEOUT,48,2603327.1863869727
SWING,2023-06-06 00:00:00,2023-06-07 00:00:00,25728.94476,27178.96312,3.0,435371.7352800256,16.74878886606932,TIMEOUT,288,3034793.930887418
SNIPER,2023-07-10 00:15:00,2023-07-10 04:15:00,30031.605119999997,30122.27434,4.0,30500.67288534333,1.007046843189225,TIMEOUT,48,3059225.0159109863
SWING,2023-07-15 00:00:00,2023-07-16 00:00:00,30282.0552,30276.4435,3.0,-6279.309108079753,-0.2055665140257487,TIMEOUT,288,3048356.86927904
SWING,2023-08-18 08:00:00,2023-08-19 08:00:00,26459.59086,25896.919579999998,3.0,-198649.59616004184,-6.526401819691655,TIMEOUT,288,2845134.7378150797
SWING,2023-08-19 08:00:00,2023-08-20 08:00:00,25907.28042,26056.487660000003,3.0,44798.18972545215,1.5769196221561959,TIMEOUT,288,2885665.225433809
SWING,2023-08-29 16:00:00,2023-08-30 16:00:00,27361.4712,27180.86274,3.0,-61351.130654415145,-2.129259314499136,TIMEOUT,288,2819985.5969412434
SWING,2023-10-19 16:00:00,2023-10-20 16:00:00,28725.744,29503.89804,3.0,224490.65829799653,7.972661292741464,TIMEOUT,288,3040246.276843828
SWING,2023-11-23 00:00:00,2023-11-24 00:00:00,37458.39018,37311.13628,3.0,-40336.680133986694,-1.3287501198750393,TIMEOUT,288,2995349.2272945754
SWING,2023-11-24 00:00:00,2023-11-25 00:00:00,37326.06372,37687.16106,3.0,82272.1453307998,2.7507890628709473,TIMEOUT,288,3073128.348784433
SWING,2023-11-25 00:00:00,2023-11-26 00:00:00,37702.238939999996,37754.147659999995,3.0,8065.16207281222,0.26283568641029453,TIMEOUT,288,3076583.8183340686
SWING,2023-11-26 00:00:00,2023-11-27 00:00:00,37769.25234,37428.0129,3.0,-87830.63522077032,-2.859099061927559,TIMEOUT,288,2984138.307385797
SWING,2023-11-27 00:00:00,2023-11-28 00:00:00,37442.9871,37235.85134,3.0,-53895.51581282968,-1.8087794523476795,TIMEOUT,288,2925766.584111889
SWING,2023-11-28 00:00:00,2023-11-29 00:00:00,37250.748660000005,37751.4482,3.0,113360.63149820438,3.8803822733692734,TIMEOUT,288,3034738.5657339254
SWING,2023-11-29 00:00:00,2023-11-30 00:00:00,37766.5518,37796.03928,3.0,2548.925267186327,0.0841177697350395,TIMEOUT,288,3032735.383152511
SWING,2023-11-30 00:00:00,2023-12-01 00:00:00,37811.16072,37670.264440000006,3.0,-38377.27764275043,-1.2673354309552143,TIMEOUT,288,2989809.0024350313
SWING,2023-12-01 00:00:00,2023-12-02 00:00:00,37685.33556,38667.7649,3.0,228880.98666967277,7.666871820870175,TIMEOUT,288,3214205.2756010513
SWING,2023-12-02 00:00:00,2023-12-03 00:00:00,38683.2351,39418.1148,3.0,178004.02592398456,5.546361162021878,TIMEOUT,288,3387387.9936116342
SWING,2024-01-03 16:00:00,2024-01-04 16:00:00,43493.1969,43992.1998,3.0,111285.22471535415,3.2902166368460226,TIMEOUT,288,3493592.1363365706
SWING,2024-01-04 16:00:00,2024-01-05 16:00:00,44009.8002,43528.39258,3.0,-119648.82437475836,-3.4299529695887925,TIMEOUT,288,3368702.9237573077
SWING,2024-01-05 16:00:00,2024-01-06 16:00:00,43545.80742,43868.82448,3.0,69770.43271055874,2.0742477790529317,TIMEOUT,288,3433420.3020822303
SWING,2024-01-06 16:00:00,2024-01-07 16:00:00,43886.375519999994,44042.28978,3.0,31377.968716665586,0.9152711760098778,TIMEOUT,288,3459648.1403457727
SWING,2024-01-07 16:00:00,2024-01-08 16:00:00,44059.91022,45068.58448,3.0,231950.97828933923,6.714539109380873,TIMEOUT,288,3686409.6464245934
SWING,2024-01-08 16:00:00,2024-01-09 16:00:00,45086.61552,46844.529220000004,3.0,424812.65114866797,11.541062122664323,TIMEOUT,288,4105692.6831036247
SWING,2024-01-09 16:00:00,2024-01-09 21:25:00,46863.27078,44979.74220081024,3.0,-500207.5774581067,-12.201571200000014,SL,65,3599326.566620863
SNIPER,2024-01-09 21:25:00,2024-01-10 01:25:00,45908.679899999996,45692.659640000005,4.0,-74760.53301998648,-2.0812324844913714,TIMEOUT,48,3517367.3804676346
SWING,2024-01-10 08:00:00,2024-01-11 08:00:00,45797.757719999994,46065.785,3.0,56363.63264880572,1.604845300491773,TIMEOUT,288,3568454.962045739
SWING,2024-01-11 08:00:00,2024-01-12 08:00:00,46084.215,45906.71682,3.0,-46495.05259828223,-1.3049036752171763,TIMEOUT,288,3516607.227004388
SWING,2024-01-12 08:00:00,2024-01-12 16:15:00,45925.08318,44079.26223682944,3.0,-428437.7126253455,-12.201571200000012,SL,99,3082894.6035385355
SNIPER,2024-01-12 17:25:00,2024-01-12 21:25:00,43501.398539999995,43640.17022,4.0,33086.59987556336,1.0753823905911168,TIMEOUT,48,3109815.4142070217
SWING,2024-01-13 00:00:00,2024-01-14 00:00:00,42852.26874,42807.03688,3.0,-14485.549831851691,-0.4665007039251561,TIMEOUT,288,3090665.1412538593
SWING,2024-01-14 00:00:00,2024-01-15 00:00:00,42824.16312,41841.63,3.0,-216935.10359568318,-7.029587003403885,TIMEOUT,288,2869094.0399462953
SWING,2024-01-15 00:00:00,2024-01-16 00:00:00,41858.37,42518.29464000001,3.0,131130.96173093087,4.577331792996274,TIMEOUT,288,2995921.360617307
SWING,2024-01-16 00:00:00,2024-01-17 00:00:00,42535.30536,43138.47058,3.0,122707.63277937761,4.101975851267306,TIMEOUT,288,3114135.1113557587
SWING,2024-01-17 00:00:00,2024-01-18 00:00:00,43155.729419999996,42763.84552,3.0,-89330.09668731614,-2.872845587231371,TIMEOUT,288,3020133.812001409
SWING,2024-01-18 00:00:00,2024-01-18 19:55:00,42780.95448,41061.50235753984,3.0,-367951.0217405168,-12.201571200000021,SL,239,2647652.5895428904
SNIPER,2024-01-18 20:15:00,2024-01-19 00:15:00,41136.425639999994,41249.648420000005,4.0,23791.749447576272,0.900398654957237,TIMEOUT,48,2666149.033811381
SWING,2024-01-19 08:00:00,2024-01-20 08:00:00,41286.65568,41656.36706,3.0,67487.61700277246,2.5350796090684473,TIMEOUT,288,2729637.427263437
SWING,2024-01-20 08:00:00,2024-01-21 08:00:00,41673.03294,41676.76298,3.0,-3356.8125432169,-0.123161240853024,TIMEOUT,288,2722186.1585793244
SWING,2024-01-21 08:00:00,2024-01-22 08:00:00,41693.43702,40958.3067,3.0,-147780.40132683975,-5.43689506567331,TIMEOUT,288,2570322.4780146154
SWING,2024-01-22 08:00:00,2024-01-23 08:00:00,40974.6933,39819.13458,3.0,-220877.83843204327,-8.606299590947769,TIMEOUT,288,2345589.15586555
SWING,2024-01-23 08:00:00,2024-01-24 08:00:00,39835.06542,40035.991200000004,3.0,31908.984947842288,1.3624261626730751,TIMEOUT,288,2373979.757079594
SWING,2024-01-24 08:00:00,2024-01-25 08:00:00,40052.008799999996,40107.37692,3.0,6270.096893891777,0.2645143097542198,TIMEOUT,288,2376688.884337866
SWING,2024-01-25 08:00:00,2024-01-26 08:00:00,40123.42308,39972.004,3.0,-30413.568214336694,-1.2815836898430428,TIMEOUT,288,2342710.2827970227
SWING,2024-01-26 08:00:00,2024-01-27 08:00:00,39987.996,41611.975940000004,3.0,281344.8149073962,12.027414067186598,TIMEOUT,288,2620541.0322802234
SWING,2024-01-27 08:00:00,2024-01-28 08:00:00,41628.62406,42323.43362,3.0,127028.49576226612,4.854696918776817,TIMEOUT,288,2743638.7164940694
SWING,2024-01-28 08:00:00,2024-01-29 08:00:00,42340.36638,42057.486820000006,3.0,-58990.78846977398,-2.153323148050619,TIMEOUT,288,2680532.469949554
SNIPER,2024-01-29 14:50:00,2024-01-29 18:50:00,41833.66506,42922.71374000001,4.0,273079.49949802447,10.207925330939267,TIMEOUT,48,2948250.90450768
SNIPER,2024-01-30 13:15:00,2024-01-30 17:15:00,43243.54698,43425.413179999996,4.0,43588.31496041868,1.4814094087524061,TIMEOUT,48,2985942.717659083
SWING,2024-01-31 00:00:00,2024-02-01 00:00:00,42995.19732,42587.08088,3.0,-89331.16208656794,-2.996218232776316,TIMEOUT,288,2892132.641496027
SNIPER,2024-02-08 16:50:00,2024-02-08 20:50:00,45012.600719999995,45417.31472,4.0,97981.49698502368,3.394652488677683,TIMEOUT,48,2984329.8731980585
SNIPER,2024-03-15 09:10:00,2024-03-15 13:10:00,66178.233,67986.40000000001,4.0,319387.822388198,10.72360937772404,TIMEOUT,48,3297749.0358398603
SWING,2024-03-16 00:00:00,2024-03-16 18:10:00,69633.924,66835.197326592,3.0,-401773.63081040664,-12.201571200000016,SL,218,2891028.781475694
SWING,2024-03-17 00:00:00,2024-03-18 00:00:00,66065.2104,68342.22881999999,3.0,294000.8759321157,10.184697628345068,TIMEOUT,288,3180693.114235596
SWING,2024-03-20 16:00:00,2024-03-21 16:00:00,63766.05066,66432.7108,3.0,393482.6837040533,12.389557251905865,TIMEOUT,288,3569404.758268296
SWING,2024-03-22 08:00:00,2024-03-22 13:35:00,66308.05896,63643.00545427968,3.0,-434870.1778017989,-12.201571199999982,SL,67,3129180.4733290942
SWING,2024-03-22 16:00:00,2024-03-23 16:00:00,63594.816419999996,65090.77924,3.0,215698.16027483775,6.903475060208411,TIMEOUT,288,3340184.862893938
SWING,2024-03-23 16:00:00,2024-03-24 16:00:00,65116.82076,65848.02776,3.0,107294.65789404442,3.2170627096198925,TIMEOUT,288,3442469.2434936417
SNIPER,2024-03-24 23:15:00,2024-03-25 03:15:00,67645.22634,66864.42444,4.0,-165414.1814817101,-4.814732132774419,TIMEOUT,48,3270170.1235249443
SNIPER,2024-03-25 14:30:00,2024-03-25 18:30:00,69263.74998,70485.80002,4.0,223684.0558125512,6.853842827353092,TIMEOUT,48,3487313.8390904455
SNIPER,2024-04-02 05:20:00,2024-04-02 09:20:00,66406.17857999999,66416.91396,4.0,-4711.244205706605,-0.13536738574958787,TIMEOUT,48,3475627.9672065577
SWING,2024-04-03 00:00:00,2024-04-04 00:00:00,65536.50468,66002.89678000001,3.0,68849.19571777682,1.983889682824073,TIMEOUT,288,3539263.7209735247
SWING,2024-04-04 00:00:00,2024-04-05 00:00:00,66029.30322,68330.93108000001,3.0,364070.6146905024,10.302073248774809,TIMEOUT,288,3898025.440082567
SWING,2024-04-05 00:00:00,2024-04-06 00:00:00,68358.26892,67708.4556,3.0,-116779.84707701887,-3.000372414053231,TIMEOUT,288,3775398.554845424
SWING,2024-04-06 00:00:00,2024-04-07 00:00:00,67735.5444,68852.12681999999,3.0,180678.10144312342,4.792858902260442,TIMEOUT,288,3950413.5584562793
SWING,2024-04-07 00:00:00,2024-04-08 00:00:00,68879.67318,69271.143,3.0,61303.792140721824,1.5541635087357355,TIMEOUT,288,4005791.7302593165
SWING,2024-04-08 00:00:00,2024-04-09 00:00:00,69298.857,71661.26488,3.0,402855.3121260657,10.07192909787819,TIMEOUT,288,4402638.354789994
SWING,2024-04-10 00:00:00,2024-04-11 00:00:00,69159.42912,70467.10376,3.0,242643.4773841434,5.519599153625854,TIMEOUT,288,4638677.874641952
SWING,2024-04-12 00:00:00,2024-04-12 17:25:00,70195.63632,67374.33330502656,3.0,-565142.5962376649,-12.201571200000002,SL,209,4066577.261592324
SNIPER,2024-04-12 17:25:00,2024-04-12 18:35:00,67933.78404,65882.59136469624,4.0,-498034.4523667818,-12.271561199999972,SL,14,3560409.6547023575
SNIPER,2024-04-12 18:35:00,2024-04-12 22:35:00,66096.31662,67099.87734,4.0,208588.23340045384,5.87028646032898,TIMEOUT,48,3761877.0687934067
SWING,2024-04-13 00:00:00,2024-04-13 19:55:00,67071.11154,64375.389424984314,3.0,-458319.5968417933,-12.20157120000002,SL,239,3297914.656348423
SNIPER,2024-04-13 19:55:00,2024-04-13 20:05:00,64792.055819999994,62835.724486570914,4.0,-403896.2041468113,-12.2715612,SL,2,2887422.622888915
SNIPER,2024-04-13 20:20:00,2024-04-14 00:20:00,62383.87428,63408.51576,4.0,183463.77954141024,6.366627488785702,TIMEOUT,48,3065111.557184547
SNIPER,2024-04-14 00:25:00,2024-04-14 04:25:00,63579.513360000004,64113.574720000004,4.0,96611.15892024097,3.158278798376759,TIMEOUT,48,3155592.4929904193
SWING,2024-04-14 08:00:00,2024-04-15 08:00:00,64412.67996,66337.52984,3.0,277604.6890530301,8.810444385739242,TIMEOUT,288,3428463.7933039637
SWING,2024-04-15 08:00:00,2024-04-15 17:25:00,66364.07016,63696.76545212928,3.0,-417698.96112999524,-12.201571200000016,SL,113,3005622.136484013
SNIPER,2024-04-16 04:45:00,2024-04-16 08:45:00,62223.34218,63272.742920000004,4.0,196254.1373457863,6.542653177296782,TIMEOUT,48,3195865.0295568313
SWING,2024-04-16 16:00:00,2024-04-17 16:00:00,61812.159960000005,60021.993200000004,3.0,-281901.66206749575,-8.834076132161748,TIMEOUT,288,2909169.5699450006
SWING,2024-04-18 16:00:00,2024-04-19 01:40:00,63439.88544,60890.10956439552,3.0,-354431.94981096446,-12.201571199999991,SL,116,2550373.8657791186
SNIPER,2024-04-19 01:45:00,2024-04-19 05:45:00,61195.03656,62277.542,4.0,174917.14820323064,6.872234926890944,TIMEOUT,48,2720190.266250791
SWING,2024-04-20 08:00:00,2024-04-21 08:00:00,63895.2765,65115.974200000004,3.0,151519.0938810775,5.578533084053579,TIMEOUT,288,2867629.074732492
SWING,2024-04-21 08:00:00,2024-04-22 08:00:00,65142.025799999996,66026.2921,3.0,112250.88474835765,3.9202948181111545,TIMEOUT,288,2975578.5158687513
SNIPER,2024-04-22 15:10:00,2024-04-22 19:10:00,65738.74512,66321.53304000001,4.0,99313.59834475195,3.344311805628227,TIMEOUT,48,3068940.9571817657
SWING,2024-04-23 00:00:00,2024-04-24 00:00:00,66731.3436,66496.39805999999,3.0,-36946.7824132182,-1.2057021089112343,TIMEOUT,288,3027390.763332775
SNIPER,2024-04-26 14:40:00,2024-04-26 18:40:00,64040.3055,63962.30498,4.0,-20755.152983038555,-0.6869528284183554,TIMEOUT,48,3000580.8288230705
SWING,2024-04-28 08:00:00,2024-04-29 08:00:00,63893.576160000004,62381.62118,3.0,-217082.30088261171,-7.245544309770885,TIMEOUT,288,2778997.656697224
SWING,2024-05-03 00:00:00,2024-05-04 00:00:00,59052.20808,62807.33602,3.0,524926.9602506488,18.91745148773448,TIMEOUT,288,3299756.120462827
SNIPER,2024-05-06 08:35:00,2024-05-06 12:35:00,65381.073599999996,63965.80428,4.0,-291584.5798594638,-8.8542579217604,TIMEOUT,48,3001572.028362437
